"Date","Facebook","YouTube","Pinterest","Twitter","Instagram","reddit","LinkedIn","Tumblr","VKontakte","Other"
2019-05,94.52,2.55,1.18,1.25,0.18,0.1,0.07,0.09,0.05,0.02
2019-06,94.12,2.75,1.46,1.22,0.15,0.11,0.07,0.07,0.03,0.02
2019-07,94.54,2.43,1.32,1.32,0.12,0.1,0.05,0.09,0.04,0
2019-08,94.99,2.32,1.12,1.21,0.11,0.07,0.06,0.07,0.05,0
2019-09,96.04,1.98,0.98,0.77,0.08,0.04,0.04,0.03,0.04,0
2019-10,96.1,1.43,0.61,1.7,0.08,0.02,0.03,0.02,0.02,0
2019-11,97.65,1.13,0.49,0.5,0.13,0.03,0.03,0.02,0.01,0
2019-12,96.94,1.57,0.67,0.4,0.3,0.04,0.03,0.03,0.02,0
2020-01,97.23,1.41,0.63,0.35,0.29,0.03,0.02,0.02,0.01,0
2020-02,96.3,1.58,0.76,0.56,0.51,0.07,0.06,0.06,0.03,0.07
2020-03,93.28,3.31,1.24,0.98,0.51,0.11,0.13,0.1,0.09,0.24
2020-04,89.81,7.09,1.64,0.89,0.31,0.11,0.08,0.06,0.02,0
2020-05,84.83,10.19,2.65,1.17,0.38,0.11,0.46,0.21,0,0
