"Date","Facebook","Pinterest","Instagram","Twitter","YouTube","Tumblr","reddit","LinkedIn","VKontakte","news.ycombinator.com","StumbleUpon","Google+","Vimeo","Fark","Other"
2019-05,50.98,22.81,5.38,8.3,4.84,5.41,1.24,0.66,0.21,0.09,0.03,0,0,0.03,0
2019-06,59.41,17.59,4.22,7.65,4.62,4.11,1.33,0.55,0.25,0.13,0.03,0.04,0.03,0.03,0.01
2019-07,51.15,22.32,5.12,9.16,4.73,4.52,1.16,0.67,0.5,0.05,0.15,0.1,0.09,0.01,0.26
2019-08,49.63,23.89,5.74,9.07,4.12,5.47,1.02,0.52,0.37,0.09,0.04,0.01,0,0.02,0.01
2019-09,51.5,20.52,5.48,10.49,4.79,4.94,0.95,0.65,0.46,0.19,0.03,0.01,0,0.01,0
2019-10,47.5,17.66,11.44,12.43,4.75,4.13,0.94,0.57,0.25,0.19,0.04,0.06,0.03,0.01,0
2019-11,41.42,20.68,12.64,14.37,4.77,3.94,1.12,0.48,0.24,0.19,0.04,0.07,0,0.01,0
2019-12,37.58,17.36,20.97,14.75,4.21,3.31,1.01,0.32,0.25,0.17,0.03,0.04,0,0.01,0
2020-01,35.45,16.6,22.51,16.45,3.87,3.05,1.14,0.45,0.17,0.13,0.02,0.09,0.06,0,0
2020-02,32.95,16.97,24.91,16.74,3.93,2.69,1.02,0.43,0.22,0.08,0.03,0,0,0.01,0
2020-03,33.19,15.51,23.33,19.91,4.3,1.99,1.14,0.32,0.17,0.08,0.04,0,0,0.01,0
2020-04,32.81,19.77,21.3,17.51,4.34,2.28,1.43,0.23,0.13,0.12,0.02,0,0.06,0.01,0
2020-05,47.97,29.55,2.94,7.61,5.21,3.49,2.5,0.31,0.18,0.23,0,0,0,0.02,0
