"Date","Facebook","Pinterest","Twitter","Instagram","YouTube","Tumblr","reddit","LinkedIn","VKontakte","StumbleUpon","Google+","Vimeo","news.ycombinator.com","Other"
2019-05,74.95,15.73,3.81,1.57,2.77,0.68,0.24,0.17,0.05,0.02,0,0,0.01,0
2019-06,76.66,13.19,5.52,1.25,2.17,0.66,0.24,0.18,0.05,0.02,0.02,0.02,0.01,0
2019-07,76.99,12.16,5.95,1.52,2.16,0.72,0.2,0.18,0.07,0.02,0,0,0.01,0.01
2019-08,63.03,20.46,8.47,2.49,3.49,1.2,0.34,0.3,0.15,0.05,0,0,0.01,0.01
2019-09,79.51,11.03,4.32,1.78,2.01,0.66,0.27,0.25,0.13,0.02,0.01,0,0.01,0
2019-10,77.87,9.33,6.1,3.69,2.03,0.47,0.21,0.18,0.05,0.02,0.02,0.01,0.01,0
2019-11,75,10.94,6.53,4.46,2.12,0.48,0.2,0.16,0.04,0.02,0.02,0,0.01,0
2019-12,71.09,13.31,7.59,4.67,2.29,0.5,0.27,0.17,0.04,0.02,0.02,0,0.01,0.01
2020-01,59.93,16.47,11.56,7.17,3.05,0.67,0.51,0.34,0.05,0.02,0.13,0.07,0.02,0
2020-02,62.87,15.54,10.53,7.18,2.52,0.61,0.36,0.3,0.05,0.02,0,0,0.01,0
2020-03,70.08,10.59,10.15,6.24,2.07,0.32,0.28,0.21,0.03,0.02,0,0.02,0.01,0
2020-04,46.46,22.09,16.37,9.35,4.2,0.67,0.42,0.24,0.08,0.01,0,0.09,0.02,0
2020-05,64.86,22.8,4.69,1.63,4.37,0.91,0.43,0.18,0.09,0,0,0.01,0.02,0
