"Date","Facebook","Pinterest","Twitter","Instagram","YouTube","Tumblr","reddit","LinkedIn","VKontakte","news.ycombinator.com","StumbleUpon","Google+","Vimeo","Other"
2019-05,66.38,18.84,4.12,3.08,4.99,1.53,0.58,0.28,0.12,0.02,0.03,0,0,0
2019-06,67.44,17.86,5.21,1.7,4.99,1.72,0.53,0.31,0.12,0.04,0.03,0.03,0.02,0.01
2019-07,67.51,17.52,5.37,1.89,5.09,1.69,0.42,0.29,0.14,0.02,0.04,0,0,0.02
2019-08,68.03,18.42,5.48,1.51,4.04,1.72,0.35,0.24,0.14,0.02,0.03,0,0,0.01
2019-09,70.94,14.74,5.75,2.46,3.69,1.41,0.41,0.31,0.2,0.05,0.03,0.01,0,0
2019-10,64.38,14.04,8.29,6.62,4.46,1.23,0.4,0.28,0.14,0.05,0.03,0.05,0.02,0
2019-11,62.18,17.13,7.91,6.8,3.92,1.15,0.39,0.21,0.2,0.05,0.03,0.03,0,0
2019-12,57.45,19.53,9.08,8.05,3.94,1.1,0.41,0.17,0.16,0.04,0.03,0.02,0,0.01
2020-01,51.85,22.17,10.62,8.93,4.1,1.12,0.57,0.27,0.11,0.04,0.03,0.12,0.05,0
2020-02,51.53,24.38,9.76,8.7,3.79,0.97,0.44,0.23,0.14,0.02,0.02,0,0,0
2020-03,58.55,19.67,9.63,7.77,3.14,0.55,0.42,0.15,0.06,0.02,0.02,0,0.01,0
2020-04,55.91,20.93,9.53,7.45,4.01,1.06,0.87,0.11,0.07,0.03,0.01,0,0.03,0
2020-05,63.32,23.54,3.44,1.15,5.64,1.77,0.86,0.11,0.11,0.04,0,0,0.01,0
