"Date","Instagram","Pinterest","Facebook","Twitter","YouTube","LinkedIn","reddit","Tumblr","VKontakte","Google+","news.ycombinator.com","StumbleUpon","Vimeo","Other"
2019-05,28.92,39.26,16.81,9.56,3.38,0.97,0.5,0.44,0.06,0.05,0.01,0.06,0,0
2019-06,19.9,40.41,21.35,13.23,3.07,1.05,0.31,0.34,0.08,0.24,0.01,0.01,0.01,0
2019-07,26.24,44.62,14.15,7.98,4.71,1.18,0.25,0.4,0.15,0.06,0.02,0.04,0.01,0.21
2019-08,28.14,45.98,9.69,9.51,2.7,1.25,0.99,0.88,0.68,0.1,0.01,0.03,0.01,0.04
2019-09,29.52,43.92,12.25,9.78,1.89,0.7,1.16,0.38,0.11,0.24,0.03,0.01,0,0.02
2019-10,47.28,37.47,7.94,4.27,1.47,0.82,0.28,0.35,0.07,0.02,0.01,0.01,0.01,0.01
2019-11,41.86,40.23,10.22,3.44,1.85,1.45,0.31,0.53,0.08,0,0.03,0,0.01,0
2019-12,41.97,43.41,7.84,3.31,1.77,0.74,0.22,0.58,0.13,0.01,0.02,0,0,0
2020-01,43.63,40.8,7.49,4.81,1.77,0.49,0.42,0.31,0.25,0.01,0.02,0,0,0
2020-02,47.85,36.02,7.17,4.49,2.23,0.69,0.64,0.57,0.27,0,0.01,0,0.06,0
2020-03,50.22,32.29,8.84,5.03,2.44,0.43,0.54,0.03,0.15,0,0,0.02,0.01,0
2020-04,47.14,34.45,7.51,5.52,4.16,0.3,0.61,0.15,0.13,0,0.01,0.01,0,0
2020-05,26.21,48.39,11.28,4.82,7.14,0.97,0.78,0.33,0.04,0,0.02,0,0.01,0
