"Date","YouTube","Facebook","Twitter","Instagram","Pinterest","VKontakte","Tumblr","reddit","LinkedIn","Other"
2019-05,59.58,37.8,1.54,0.25,0.72,0.02,0.03,0.05,0.01,0
2019-06,55.29,28.76,14.26,0.3,1.21,0.04,0.05,0.06,0.03,0.01
2019-07,41.21,53.38,3.45,1.05,0.83,0.03,0.02,0.02,0.02,0
2019-08,61.97,25.47,10.44,0.56,1.42,0.06,0.03,0.02,0.02,0
2019-09,61.34,30.07,4.95,2.56,0.97,0.04,0.03,0.02,0.02,0
2019-10,57.39,36.97,2.04,2.54,0.95,0.05,0.03,0.02,0.01,0
2019-11,49.23,44.68,1.86,3.23,0.92,0.04,0.03,0.02,0.01,0
2019-12,43.43,50.48,1.95,3.36,0.69,0.06,0.02,0.01,0.01,0
2020-01,45.61,45.87,3.19,4.46,0.81,0.02,0.02,0.02,0.01,0
2020-02,54.47,30.29,5.19,8.33,1.58,0.03,0.04,0.04,0.03,0
2020-03,62.45,21.13,6.43,8.56,1.34,0.04,0.02,0.02,0.01,0
2020-04,71.51,18.64,4.29,4.58,0.92,0.02,0.02,0.02,0.01,0
2020-05,82.79,13.41,1.82,1.01,0.91,0.02,0.02,0.02,0.01,0
