"Date","Facebook","YouTube","Twitter","Instagram","Pinterest","LinkedIn","Tumblr","VKontakte","reddit","Other"
2019-05,88.38,9.64,0.89,0.2,0.75,0.06,0.03,0.02,0.02,0
2019-06,87.76,8.3,2.31,0.61,0.83,0.06,0.07,0.02,0.02,0
2019-07,93.29,5.02,0.8,0.2,0.57,0.05,0.03,0.02,0.01,0
2019-08,93.73,4.31,1.14,0.09,0.62,0.03,0.04,0.02,0.01,0
2019-09,95.51,3.19,0.6,0.23,0.41,0.02,0.02,0.01,0.01,0
2019-10,93.44,3.99,1.04,0.9,0.56,0.02,0.02,0.01,0.01,0
2019-11,91.67,4.82,1.06,1.61,0.76,0.02,0.02,0.02,0.02,0
2019-12,90.34,5.93,1.19,1.69,0.77,0.02,0.02,0.03,0.01,0
2020-01,90.95,5.03,1.53,1.73,0.69,0.02,0.02,0.01,0.01,0
2020-02,89.23,5.13,1.82,2.67,1.03,0.05,0.02,0.01,0.02,0
2020-03,83.21,8.47,3.1,3.87,1.27,0.03,0.02,0.02,0.02,0
2020-04,72.54,16.59,5.92,3.4,1.43,0.02,0.03,0.02,0.05,0
2020-05,86.47,11.5,0.81,0.34,0.78,0.03,0.03,0.01,0.02,0
