"Date","Facebook","Twitter","YouTube","Instagram","Pinterest","Tumblr","VKontakte","reddit","LinkedIn","Other"
2019-05,66.11,11.7,16.92,1.45,3.31,0.14,0.09,0.08,0.19,0
2019-06,74.48,10.58,8.92,1.34,4.14,0.23,0.13,0.09,0.08,0.02
2019-07,69.78,11.61,11.08,1.58,4.95,0.61,0.2,0.09,0.1,0
2019-08,71.6,10.96,8.88,1.5,5.9,0.66,0.22,0.16,0.1,0
2019-09,68.02,12.94,9.66,3.43,4.86,0.63,0.15,0.21,0.1,0.01
2019-10,67.76,16.7,6.53,4.07,4.07,0.58,0.12,0.09,0.08,0
2019-11,73.47,12.69,5.92,4,3.28,0.39,0.12,0.07,0.06,0
2019-12,68.91,13.21,9.92,3.85,3.37,0.44,0.17,0.08,0.05,0
2020-01,67.5,17.16,5.84,5.34,3.08,0.65,0.14,0.12,0.1,0.07
2020-02,69.07,17.51,4.14,5.5,3.09,0.52,0.06,0.06,0.05,0.01
2020-03,66.78,18.2,5.11,6.17,3,0.52,0.13,0.05,0.04,0
2020-04,65.41,17.61,6.96,5.85,3.18,0.78,0.05,0.11,0.05,0
2020-05,79.53,6.52,8.29,1.59,3.36,0.41,0.1,0.14,0.05,0
